{"name":"f7ead216-af74-4292-9d26-94b7b4df2fd8","id":"/providers/Microsoft.Flow/flows/f7ead216-af74-4292-9d26-94b7b4df2fd8","type":"Microsoft.Flow/flows","properties":{"apiId":"/providers/Microsoft.PowerApps/apis/shared_logicflows","displayName":"Ampla Webhook - Downtime Events","definition":{"metadata":{"workflowEntityId":null,"creator":{"id":"f06a713b-3d24-4a6b-9c7f-3c8aeb947252","type":"User","tenantId":"425a5546-5a6e-4f1b-ab62-23d91d07d893"},"provisioningMethod":"FromDefinition","failureAlertSubscription":true,"clientLastModifiedTime":"2019-03-04T02:19:22.5896221Z"},"$schema":"https://schema.management.azure.com/providers/Microsoft.Logic/schemas/2016-06-01/workflowdefinition.json#","contentVersion":"1.0.0.0","parameters":{"$connections":{"defaultValue":{},"type":"Object"},"$authentication":{"defaultValue":{},"type":"SecureObject"}},"triggers":{"manual":{"type":"Request","kind":"Http","inputs":{"schema":{"$schema":"http://json-schema.org/schema#","id":"urn:ampla:schemas:Webhooks:RecordChanged:DowntimeEvent:ROM:2017:12","type":"object","additionalProperties":false,"properties":{"Id":{"type":"integer"},"RecordIdentifier":{"type":"string"},"Location":{"type":"string"},"Module":{"type":"string"},"LastModified":{"type":"string"},"ChangeType":{"type":"string"},"Fields":{"type":"object","properties":{"Rate Setpoint":{"type":"object","properties":{"Value":{"type":"number"},"PreviousValue":{"type":"number"}}},"LastModified":{"type":"object","properties":{"Value":{"type":"string"},"PreviousValue":{"type":"string"}}},"Event":{"type":"object","properties":{"Value":{"type":"string"},"PreviousValue":{"type":"string"}}},"Comments":{"type":"object","properties":{"Value":{"type":"string"},"PreviousValue":{"type":"string"}}},"Virtual":{"type":"object","properties":{"Value":{"type":"boolean"},"PreviousValue":{"type":"boolean"}}},"Duration":{"type":"object","properties":{"Value":{"type":"integer"},"PreviousValue":{"type":"integer"}}},"Lost Tonnes":{"type":"object","properties":{"Value":{"type":"number"},"PreviousValue":{"type":"number"}}},"Equipment Id (Cause Location)":{"type":"object","properties":{"Value":{"type":"string"},"PreviousValue":{"type":"string"}}},"Id":{"type":"object","properties":{"Value":{"type":"integer"},"PreviousValue":{"type":"integer"}}},"Shift":{"type":"object","properties":{"Value":{"type":"string"},"PreviousValue":{"type":"string"}}},"MaskedById":{"type":"object","properties":{"Value":{"type":"integer"},"PreviousValue":{"type":"integer"}}},"Classification":{"type":"object","properties":{"Value":{"type":"integer"},"PreviousValue":{"type":"integer"}}},"ClippedPercentage":{"type":"object","properties":{"Value":{"type":"number"},"PreviousValue":{"type":"number"}}},"Record Type":{"type":"object","properties":{"Value":{"type":"string"},"PreviousValue":{"type":"string"}}},"Is Clipped":{"type":"object","properties":{"Value":{"type":"boolean"},"PreviousValue":{"type":"boolean"}}},"Cause Location":{"type":"object","properties":{"Value":{"type":"string"},"PreviousValue":{"type":"string"}}},"kWh":{"type":"object","properties":{"Value":{"type":"number"},"PreviousValue":{"type":"number"}}},"Explanation":{"type":"object","properties":{"Value":{"type":"string"},"PreviousValue":{"type":"string"}}},"CreatedDateTime":{"type":"object","properties":{"Value":{"type":"string"},"PreviousValue":{"type":"string"}}},"Capture Location":{"type":"object","properties":{"Value":{"type":"string"},"PreviousValue":{"type":"string"}}},"Equipment Type (Location)":{"type":"object","properties":{"Value":{"type":"string"},"PreviousValue":{"type":"string"}}},"ConfirmedBy":{"type":"object","properties":{"Value":{"type":"string"},"PreviousValue":{"type":"string"}}},"Location Identifier":{"type":"object","properties":{"Value":{"type":"string"},"PreviousValue":{"type":"string"}}},"ConfirmedDateTime":{"type":"object","properties":{"Value":{"type":"string"},"PreviousValue":{"type":"string"}}},"Eff. Duration":{"type":"object","properties":{"Value":{"type":"number"},"PreviousValue":{"type":"number"}}},"Start Time":{"type":"object","properties":{"Value":{"type":"string"},"PreviousValue":{"type":"string"}}},"IsManual":{"type":"object","properties":{"Value":{"type":"boolean"},"PreviousValue":{"type":"boolean"}}},"Confirmed":{"type":"object","properties":{"Value":{"type":"boolean"},"PreviousValue":{"type":"boolean"}}},"Record Date Time":{"type":"object","properties":{"Value":{"type":"string"},"PreviousValue":{"type":"string"}}},"Equipment Type (Cause Location)":{"type":"object","properties":{"Value":{"type":"string"},"PreviousValue":{"type":"string"}}},"End Time":{"type":"object","properties":{"Value":{"type":"string"},"PreviousValue":{"type":"string"}}},"IsSplit":{"type":"object","properties":{"Value":{"type":"boolean"},"PreviousValue":{"type":"boolean"}}},"Cause":{"type":"object","properties":{"Value":{"type":"integer"},"PreviousValue":{"type":"integer"}}},"Masked":{"type":"object","properties":{"Value":{"type":"boolean"},"PreviousValue":{"type":"boolean"}}},"Crew":{"type":"object","properties":{"Value":{"type":"string"},"PreviousValue":{"type":"string"}}},"Location":{"type":"object","properties":{"Value":{"type":"string"},"PreviousValue":{"type":"string"}}},"CreatedBy":{"type":"object","properties":{"Value":{"type":"string"},"PreviousValue":{"type":"string"}}},"Effect":{"type":"object","properties":{"Value":{"type":"string"},"PreviousValue":{"type":"string"}}},"Deleted":{"type":"object","properties":{"Value":{"type":"boolean"},"PreviousValue":{"type":"boolean"}}},"Eff. %":{"type":"object","properties":{"Value":{"type":"number"},"PreviousValue":{"type":"number"}}},"HasAudit":{"type":"object","properties":{"Value":{"type":"boolean"},"PreviousValue":{"type":"boolean"}}},"Equipment Id (Location)":{"type":"object","properties":{"Value":{"type":"string"},"PreviousValue":{"type":"string"}}},"Duration (Clipped)":{"type":"object","properties":{"Value":{"type":"number"},"PreviousValue":{"type":"number"}}},"Eff. Duration (Clipped)":{"type":"object","properties":{"Value":{"type":"number"},"PreviousValue":{"type":"number"}}},"Start Time (Clipped)":{"type":"object","properties":{"Value":{"type":"string"},"PreviousValue":{"type":"string"}}},"End Time (Clipped)":{"type":"object","properties":{"Value":{"type":"string"},"PreviousValue":{"type":"string"}}}}}},"required":["Id","RecordIdentifier","Location","Module","Fields"]}}}},"actions":{"Condition":{"actions":{"Send_an_email":{"runAfter":{},"metadata":{"flowSystemMetadata":{"swaggerOperationId":"SendEmail"}},"type":"ApiConnection","inputs":{"host":{"connection":{"name":"@parameters('$connections')['shared_office365']['connectionId']"},"api":{"runtimeUrl":"https://flow-apim-europe-001-westeurope-01.azure-apim.net/apim/office365"}},"method":"post","body":{"To":"test@test.com","Subject":"[AMPLA] No Coal in @{variables('Capture Location')} ","Body":"Downtime in @{variables('Capture Location')}\n\nCause is @{variables('Cause')}\n\nDuration is @{variables('Duration')} seconds\n\nChange Type = @{triggerBody()?['ChangeType']}"},"path":"/Mail","authentication":"@parameters('$authentication')"}}},"runAfter":{"Duration":["Succeeded"]},"expression":{"and":[{"contains":["@variables('Cause')","Stockpile Low,  No Coal From Mines"]},{"not":{"equals":["@variables('Last Cause')","@variables('Cause')"]}}]},"type":"If"},"Capture_Location":{"runAfter":{},"type":"InitializeVariable","inputs":{"variables":[{"name":"Capture Location","type":"String","value":"@{triggerBody()?['Fields']?['Capture Location']?['Value']}"}]}},"Cause":{"runAfter":{"Capture_Location":["Succeeded"]},"type":"InitializeVariable","inputs":{"variables":[{"name":"Cause","type":"String","value":"@{triggerBody()?['Fields']?['Cause']?['Value']}"}]}},"Duration":{"runAfter":{"Last_Cause":["Succeeded"]},"type":"InitializeVariable","inputs":{"variables":[{"name":"Duration","type":"Integer","value":"@triggerBody()?['Fields']?['Duration']?['Value']"}]}},"Last_Cause":{"runAfter":{"Cause":["Succeeded"]},"type":"InitializeVariable","inputs":{"variables":[{"name":"Last Cause","type":"String","value":"@{triggerBody()?['Fields']?['Cause']?['PreviousValue']}"}]}}},"outputs":{},"description":"Ampla Webhook example - send emails when major downtime events occur"},"connectionReferences":{"shared_office365":{"connectionName":"c24fb99cfa63481588e83fad8a828dfd","source":"Embedded","id":"/providers/Microsoft.PowerApps/apis/shared_office365","tier":"NotSpecified"}},"flowFailureAlertSubscribed":false}}